Country,Agglomeration Name (in English),Population,Area,55-59,60-64,65-69,70-74,>75,,,,,,,,,,,,,,,,,,,,,,
Austria,Graz,274207,126.00,47400,34100,33200,2600,0,,,,,,,,,,,,,,,,,,,,,,
Austria,Innsbruck,133596,42.00,33600,28800,15900,2200,0,,,,,,,,,,,,,,,,,,,,,,
Austria,Linz,221348,112.00,47400,29700,15200,7000,1600,,,,,,,,,,,,,,,,,,,,,,
Austria,Salzburg,148420,66.00,34000,19500,14300,4200,100,,,,,,,,,,,,,,,,,,,,,,
Austria,Vienna,1862251,459.00,235900,490500,554500,341700,129000,,,,,,,,,,,,,,,,,,,,,,
Belgium,Brussels,999899,160.00,170300,158100,201500,189200,26400,,,,,,,,,,,,,,,,,,,,,,
Belgium,Antwerp,513570,204.38,124500,76100,47100,42500,5200,,,,,,,,,,,,,,,,,,,,,,
Belgium,Bruges,117886,138.40,-2,-2,-2,-2,-2,,,,,,,,,,,,,,,,,,,,,,
Belgium,Ghent,253266,157.80,43000,40300,35800,9600,1900,,,,,,,,,,,,,,,,,,,,,,
Belgium,Charleroi,202480,102.10,-2,-2,-2,-2,-2,,,,,,,,,,,,,,,,,,,,,,
Belgium,Liege,195968,69.39,-2,-2,-2,-2,-2,,,,,,,,,,,,,,,,,,,,,,
Bosnia and Herzegovina,Banja Luka,199191,90.30,-2,-2,-2,-2,-2,,,,,,,,,,,,,,,,,,,,,,
Bosnia and Herzegovina,Bijeljina,114663,31.10,-2,-2,-2,-2,-2,,,,,,,,,,,,,,,,,,,,,,
Bosnia and Herzegovina,Brcko,93028,16.00,-2,-2,-2,-2,-2,,,,,,,,,,,,,,,,,,,,,,
Bosnia and Herzegovina,Mostar,113169,35.50,-2,-2,-2,-2,-2,,,,,,,,,,,,,,,,,,,,,,
Bosnia and Herzegovina,Prijedor,97588,27.00,-2,-2,-2,-2,-2,,,,,,,,,,,,,,,,,,,,,,
Bosnia and Herzegovina,Sarajevo,291422,141.50,-2,-2,-2,-2,-2,,,,,,,,,,,,,,,,,,,,,,
Bosnia and Herzegovina,Tuzla,120441,30.20,-2,-2,-2,-2,-2,,,,,,,,,,,,,,,,,,,,,,
Bosnia and Herzegovina,Zenica,115134,36.20,-2,-2,-2,-2,-2,,,,,,,,,,,,,,,,,,,,,,
Bulgaria,Burgas,206630,220.00,52000,69900,26100,4900,1100,,,,,,,,,,,,,,,,,,,,,,
Bulgaria,Pleven,111567,85.00,42900,40100,20200,2000,0,,,,,,,,,,,,,,,,,,,,,,
Bulgaria,Plovdiv,368983,102.00,69600,119700,120400,41400,400,,,,,,,,,,,,,,,,,,,,,,
Bulgaria,Ruse,159798,127.00,49700,30300,12800,4300,300,,,,,,,,,,,,,,,,,,,,,,
Bulgaria,Sofia,1332817,492.00,324400,436200,177700,10300,3100,,,,,,,,,,,,,,,,,,,,,,
Bulgaria,Stara Zagora,149266,86.00,34100,52400,19700,300,0,,,,,,,,,,,,,,,,,,,,,,
Bulgaria,Varna,355935,154.00,110500,141800,22800,1100,100,,,,,,,,,,,,,,,,,,,,,,
Croatia,Osijek,110493,175.00,15900,12200,7700,1000,0,,,,,,,,,,,,,,,,,,,,,,
Croatia,Rijeka,130506,44.00,11600,8200,5100,2700,200,,,,,,,,,,,,,,,,,,,,,,
Croatia,Split,178102,80.00,21700,14900,6500,1100,0,,,,,,,,,,,,,,,,,,,,,,
Croatia,Zagreb,790017,641.00,96500,60300,39300,13600,1100,,,,,,,,,,,,,,,,,,,,,,
Cyprus,Limassol,187214,66.10,-2,-2,-2,-2,-2,,,,,,,,,,,,,,,,,,,,,,
Cyprus,Nicosia,243254,95.40,-2,-2,-2,-2,-2,,,,,,,,,,,,,,,,,,,,,,
Czech Republic,Brno,409738,328.00,122700,81500,43800,13900,400,,,,,,,,,,,,,,,,,,,,,,
Czech Republic,Liberec,162189,160.00,48300,25500,14500,8800,400,,,,,,,,,,,,,,,,,,,,,,
Czech Republic,Olomouc,105230,105.00,28500,15000,12100,2600,0,,,,,,,,,,,,,,,,,,,,,,
Czech Republic,Ostrava,509290,248.00,121900,82600,59700,14200,700,,,,,,,,,,,,,,,,,,,,,,
Czech Republic,Plzen,179403,184.00,43100,23700,19300,4200,0,,,,,,,,,,,,,,,,,,,,,,
Czech Republic,Prague,1234005,772.00,411500,238300,122800,96600,7100,,,,,,,,,,,,,,,,,,,,,,
Czech Republic,Teplice,180601,171.00,54400,28700,15300,5200,400,,,,,,,,,,,,,,,,,,,,,,
Denmark,Aalborg,132864,65.32,30700,28200,22200,7800,100,,,,,,,,,,,,,,,,,,,,,,
Denmark,Aarhus,237797,81.48,51400,39500,22100,10700,100,,,,,,,,,,,,,,,,,,,,,,
Denmark,Copenhagen,1194507,382.48,372800,210900,142400,31000,3700,,,,,,,,,,,,,,,,,,,,,,
Denmark,Odense,188080,100.99,41000,24700,18500,4900,700,,,,,,,,,,,,,,,,,,,,,,
Estonia,Tallinn,435972,159.20,67600,95400,68700,18200,800,,,,,,,,,,,,,,,,,,,,,,
Estonia,Tartu,96986,38.80,15900,18600,11600,1600,100,,,,,,,,,,,,,,,,,,,,,,
Finland,Espoo,274583,534.00,35700,15900,3200,200,0,,,,,,,,,,,,,,,,,,,,,,
Finland,Helsinki,635181,216.00,85800,50700,18400,8200,100,,,,,,,,,,,,,,,,,,,,,,
Finland,Jyvaskyla,138850,1467.00,17300,8800,4100,300,0,,,,,,,,,,,,,,,,,,,,,,
Finland,Kauniainen,9397,6.00,1400,600,0,0,0,,,,,,,,,,,,,,,,,,,,,,
Finland,Kuopio,117740,3740.00,17600,10600,3500,400,0,,,,,,,,,,,,,,,,,,,,,,
Finland,Lahti,119452,518.00,13400,5600,2900,900,0,,,,,,,,,,,,,,,,,,,,,,
Finland,Oulu,200526,3866.00,24300,9400,2800,500,100,,,,,,,,,,,,,,,,,,,,,,
Finland,Tampere,228274,525.00,19100,11200,4600,100,0,,,,,,,,,,,,,,,,,,,,,,
Finland,Turku,187604,306.00,24500,15400,7600,2600,0,,,,,,,,,,,,,,,,,,,,,,
Finland,Vantaa,219341,240.00,35700,15500,3200,300,0,,,,,,,,,,,,,,,,,,,,,,
France,Amiens,164900,111.90,-2,-2,-2,-2,-2,,,,,,,,,,,,,,,,,,,,,,
France,Angers,283200,553.06,-2,-2,-2,-2,-2,,,,,,,,,,,,,,,,,,,,,,
France,Angouleme,110900,184.25,-2,-2,-2,-2,-2,,,,,,,,,,,,,,,,,,,,,,
France,Annecy,150000,152.55,-2,-2,-2,-2,-2,,,,,,,,,,,,,,,,,,,,,,
France,Annemasse,121700,178.52,-2,-2,-2,-2,-2,,,,,,,,,,,,,,,,,,,,,,
France,Arras,110200,305.97,-2,-2,-2,-2,-2,,,,,,,,,,,,,,,,,,,,,,
France,Aubergenville,411100,504.72,-2,-2,-2,-2,-2,,,,,,,,,,,,,,,,,,,,,,
France,Avignon,279700,507.91,-2,-2,-2,-2,-2,,,,,,,,,,,,,,,,,,,,,,
France,Bayonne,195400,313.80,-2,-2,-2,-2,-2,,,,,,,,,,,,,,,,,,,,,,
France,Beauchamp,270700,87.24,-2,-2,-2,-2,-2,,,,,,,,,,,,,,,,,,,,,,
France,Besancon,139300,122.36,-2,-2,-2,-2,-2,,,,,,,,,,,,,,,,,,,,,,
France,Bethune,263100,389.59,-2,-2,-2,-2,-2,,,,,,,,,,,,,,,,,,,,,,
France,Bordeaux,774900,578.27,-2,-2,-2,-2,-2,,,,,,,,,,,,,,,,,,,,,,
France,Brest,213000,218.37,-2,-2,-2,-2,-2,,,,,,,,,,,,,,,,,,,,,,
France,Brunoy,177800,66.36,71300,17000,12300,3800,0,,,,,,,,,,,,,,,,,,,,,,
France,Caen,268900,351.76,-2,-2,-2,-2,-2,,,,,,,,,,,,,,,,,,,,,,
France,Calais,104800,136.50,-2,-2,-2,-2,-2,,,,,,,,,,,,,,,,,,,,,,
France,Cannes,160800,94.83,-2,-2,-2,-2,-2,,,,,,,,,,,,,,,,,,,,,,
France,Cergy,205700,84.16,81700,32600,9500,1500,200,,,,,,,,,,,,,,,,,,,,,,
France,Chambery,123300,157.89,-2,-2,-2,-2,-2,,,,,,,,,,,,,,,,,,,,,,
France,Clermont-Ferrand,291800,300.63,-2,-2,-2,-2,-2,,,,,,,,,,,,,,,,,,,,,,
France,Courcouronnes,347000,221.19,134400,64900,15700,2500,200,,,,,,,,,,,,,,,,,,,,,,
France,Dijon,256100,239.96,-2,-2,-2,-2,-2,,,,,,,,,,,,,,,,,,,,,,
France,Douai - Lens,518900,489.14,-2,-2,-2,-2,-2,,,,,,,,,,,,,,,,,,,,,,
France,Dunkerque,203800,280.43,-2,-2,-2,-2,-2,,,,,,,,,,,,,,,,,,,,,,
France,Fort-de-France,135600,127.11,-2,-2,-2,-2,-2,,,,,,,,,,,,,,,,,,,,,,
France,Grenoble,451800,545.54,-2,-2,-2,-2,-2,,,,,,,,,,,,,,,,,,,,,,
France,Hénin-Beaumont,125900,112.07,-2,-2,-2,-2,-2,,,,,,,,,,,,,,,,,,,,,,
France,La Rochelle,123600,92.76,-2,-2,-2,-2,-2,,,,,,,,,,,,,,,,,,,,,,
France,Le Havre,240300,190.65,-2,-2,-2,-2,-2,,,,,,,,,,,,,,,,,,,,,,
France,Le Mans,210900,267.05,-2,-2,-2,-2,-2,,,,,,,,,,,,,,,,,,,,,,
France,Le Pecq,341300,139.10,111700,39400,34200,9400,400,,,,,,,,,,,,,,,,,,,,,,
France,Lens,245000,239.38,-2,-2,-2,-2,-2,,,,,,,,,,,,,,,,,,,,,,
France,Lille,1154100,647.78,-2,-2,-2,-2,-2,,,,,,,,,,,,,,,,,,,,,,
France,Limoges,180800,199.49,-2,-2,-2,-2,-2,,,,,,,,,,,,,,,,,,,,,,
France,Lorient,120600,106.77,-2,-2,-2,-2,-2,,,,,,,,,,,,,,,,,,,,,,
France,Lyon,1375000,533.68,-2,-2,-2,-2,-2,,,,,,,,,,,,,,,,,,,,,,
France,Marseille,1886800,3149.22,-2,-2,-2,-2,-2,,,,,,,,,,,,,,,,,,,,,,
France,Maubeuge,100000,129.55,-2,-2,-2,-2,-2,,,,,,,,,,,,,,,,,,,,,,
France,Metz,328700,362.49,-2,-2,-2,-2,-2,,,,,,,,,,,,,,,,,,,,,,
France,Montbeliard,111800,140.28,-2,-2,-2,-2,-2,,,,,,,,,,,,,,,,,,,,,,
France,Montmorency,183100,74.08,69000,23600,17500,3700,100,,,,,,,,,,,,,,,,,,,,,,
France,Montpellier,457800,421.83,-2,-2,-2,-2,-2,,,,,,,,,,,,,,,,,,,,,,
France,Mulhouse,242700,215.03,-2,-2,-2,-2,-2,,,,,,,,,,,,,,,,,,,,,,
France,Nancy,260700,142.30,-2,-2,-2,-2,-2,,,,,,,,,,,,,,,,,,,,,,
France,Nantes,636000,523.35,-2,-2,-2,-2,-2,,,,,,,,,,,,,,,,,,,,,,
France,Nice,545000,1465.81,104100,121300,70000,12100,500,,,,,,,,,,,,,,,,,,,,,,
France,Nimes,164900,220.64,-2,-2,-2,-2,-2,,,,,,,,,,,,,,,,,,,,,,
France,Orleans,287100,334.32,-2,-2,-2,-2,-2,,,,,,,,,,,,,,,,,,,,,,
France,Orsay,313800,185.85,-2,-2,-2,-2,-2,,,,,,,,,,,,,,,,,,,,,,
France,Paris,7068800,814.24,1963100,1694100,1423800,400000,25400,,,,,,,,,,,,,,,,,,,,,,
France,Pau,200000,449.71,-2,-2,-2,-2,-2,,,,,,,,,,,,,,,,,,,,,,
France,Perpignan,268500,616.68,-2,-2,-2,-2,-2,,,,,,,,,,,,,,,,,,,,,,
France,Pointe-a-Pitre - Les Abymes,180200,430.50,-2,-2,-2,-2,-2,,,,,,,,,,,,,,,,,,,,,,
France,Poitiers,130400,167.87,-2,-2,-2,-2,-2,,,,,,,,,,,,,,,,,,,,,,
France,Reims,299100,1432.36,-2,-2,-2,-2,-2,,,,,,,,,,,,,,,,,,,,,,
France,Rennes,444700,705.03,-2,-2,-2,-2,-2,,,,,,,,,,,,,,,,,,,,,,
France,Roissy-en-France,349500,340.88,-2,-2,-2,-2,-2,,,,,,,,,,,,,,,,,,,,,,
France,Rouen,499600,663.83,-2,-2,-2,-2,-2,,,,,,,,,,,,,,,,,,,,,,
France,Saint-Denise-de-la-Reunion,170800,230.00,-2,-2,-2,-2,-2,,,,,,,,,,,,,,,,,,,,,,
France,Sainte-Geneviève-des-Bois,196000,132.70,-2,-2,-2,-2,-2,,,,,,,,,,,,,,,,,,,,,,
France,Saint-Etienne,408700,723.50,-2,-2,-2,-2,-2,,,,,,,,,,,,,,,,,,,,,,
France,Saint-Nazaire,148300,280.92,-2,-2,-2,-2,-2,,,,,,,,,,,,,,,,,,,,,,
France,Saint-Pierre,146300,261.42,-2,-2,-2,-2,-2,,,,,,,,,,,,,,,,,,,,,,
France,Strasbourg,491500,337.61,110800,103100,58100,9800,300,,,,,,,,,,,,,,,,,,,,,,
France,Thionville,132700,137.40,-2,-2,-2,-2,-2,,,,,,,,,,,,,,,,,,,,,,
France,Torcy,228900,95.81,-2,-2,-2,-2,-2,,,,,,,,,,,,,,,,,,,,,,
France,Toulon,434400,366.41,-2,-2,-2,-2,-2,,,,,,,,,,,,,,,,,,,,,,
France,Toulouse,760100,458.16,-2,-2,-2,-2,-2,,,,,,,,,,,,,,,,,,,,,,
France,Tours,299100,389.16,-2,-2,-2,-2,-2,,,,,,,,,,,,,,,,,,,,,,
France,Trappes,231100,119.20,-2,-2,-2,-2,-2,,,,,,,,,,,,,,,,,,,,,,
France,Troyes,135000,151.24,-2,-2,-2,-2,-2,,,,,,,,,,,,,,,,,,,,,,
France,Valence,124200,164.16,-2,-2,-2,-2,-2,,,,,,,,,,,,,,,,,,,,,,
France,Valenciennes,360000,502.10,-2,-2,-2,-2,-2,,,,,,,,,,,,,,,,,,,,,,
France,Versailles,269200,123.58,-2,-2,-2,-2,-2,,,,,,,,,,,,,,,,,,,,,,
Germany,Freiburg,219430,153.00,23000,12000,8400,4300,200,,,,,,,,,,,,,,,,,,,,,,
Germany,Heidelberg,145311,109.00,18100,10200,5900,2800,200,,,,,,,,,,,,,,,,,,,,,,
Germany,Heilbronn,121627,100.00,10500,8300,5400,1600,100,,,,,,,,,,,,,,,,,,,,,,
Germany,Karlsruhe,288917,173.00,28100,18200,12100,3400,100,,,,,,,,,,,,,,,,,,,,,,
Germany,Mannheim,309795,145.00,23600,16100,16200,6800,900,,,,,,,,,,,,,,,,,,,,,,
Germany,Pforzheim,119423,98.00,11200,7600,7900,7400,1300,,,,,,,,,,,,,,,,,,,,,,
Germany,Reutlingen,112458,87.00,7200,4900,2500,700,0,,,,,,,,,,,,,,,,,,,,,,
Germany,Stuttgart,581858,211.00,44300,31300,22200,9700,1400,,,,,,,,,,,,,,,,,,,,,,
Germany,Ulm,121434,119.00,7600,6300,4300,1800,0,,,,,,,,,,,,,,,,,,,,,,
Germany,Augsburg,266647,147.00,18000,15400,9700,1200,0,,,,,,,,,,,,,,,,,,,,,,
Germany,Erlangen,106326,77.00,16400,10800,5400,1400,100,,,,,,,,,,,,,,,,,,,,,,
Germany,Furth,116317,63.00,9200,7500,5900,1700,100,,,,,,,,,,,,,,,,,,,,,,
Germany,Ingolstadt,126732,133.00,25600,10800,4000,200,0,,,,,,,,,,,,,,,,,,,,,,
Germany,Munich,1378176,311.00,95000,69400,66400,21900,1500,,,,,,,,,,,,,,,,,,,,,,
Germany,Nuremberg,510602,187.00,43100,26400,23700,18300,2500,,,,,,,,,,,,,,,,,,,,,,
Germany,Regensburg,136577,81.00,14100,9000,5100,1200,0,,,,,,,,,,,,,,,,,,,,,,
Germany,Wurzburg,133808,88.00,16000,10000,5000,1800,500,,,,,,,,,,,,,,,,,,,,,,
Germany,Berlin,3460725,892.00,223200,170900,160700,104200,5500,,,,,,,,,,,,,,,,,,,,,,
Germany,Potsdam,161468,188.00,13100,10400,5700,1300,200,,,,,,,,,,,,,,,,,,,,,,
Germany,Bremen,549000,317.00,56300,34000,18500,4300,100,,,,,,,,,,,,,,,,,,,,,,
Germany,Bremerhaven,109000,94.00,8900,7300,6000,2500,0,,,,,,,,,,,,,,,,,,,,,,
Germany,-1,-1,-1,-1,-1,-1,-1,-1,,,,,,,,,,,,,,,,,,,,,,
Germany,-1,-1,-1,-1,-1,-1,-1,-1,,,,,,,,,,,,,,,,,,,,,,
Germany,Hamburg,1896342,1045.00,170400,130400,89100,25800,300,,,,,,,,,,,,,,,,,,,,,,
Germany,Darmstadt,149743,122.00,11600,9000,7900,2700,0,,,,,,,,,,,,,,,,,,,,,,
Germany,Frankfurt,701350,248.00,61900,39200,31400,19000,3600,,,,,,,,,,,,,,,,,,,,,,
Germany,Kassel,194087,107.00,10600,8000,4900,3700,300,,,,,,,,,,,,,,,,,,,,,,
Germany,Offenbach,119203,45.00,7500,5500,6200,6100,1100,,,,,,,,,,,,,,,,,,,,,,
Germany,Wiesbaden,273871,204.00,19400,13500,11300,6100,600,,,,,,,,,,,,,,,,,,,,,,
Germany,Rostock,203431,169.00,12000,6700,2400,400,0,,,,,,,,,,,,,,,,,,,,,,
Germany,Braunschweig,250556,193.00,24500,13500,7800,1800,0,,,,,,,,,,,,,,,,,,,,,,
Germany,Gottingen,121364,117.00,13100,7800,3700,400,0,,,,,,,,,,,,,,,,,,,,,,
Germany,Hannover,525875,204.00,41100,30800,20400,4600,400,,,,,,,,,,,,,,,,,,,,,,
Germany,Oldenburg,162481,103.00,22700,11000,3400,100,0,,,,,,,,,,,,,,,,,,,,,,
Germany,Osnabruck,165021,120.00,14200,10700,10100,3400,200,,,,,,,,,,,,,,,,,,,,,,
Germany,Aachen,240484,161.00,31000,26700,16000,11700,1300,,,,,,,,,,,,,,,,,,,,,,
Germany,Bergisch Gladbach,109678,83.00,9800,7300,4200,1000,0,,,,,,,,,,,,,,,,,,,,,,
Germany,Bielefeld,328965,259.00,39300,27400,17700,6100,300,,,,,,,,,,,,,,,,,,,,,,
Germany,Bochum,361390,146.00,61000,39200,19000,5300,100,,,,,,,,,,,,,,,,,,,,,,
Germany,Bonn,312207,141.00,27100,20700,13000,5000,1000,,,,,,,,,,,,,,,,,,,,,,
Germany,Bottrop,115780,101.00,17700,12600,6000,600,0,,,,,,,,,,,,,,,,,,,,,,
Germany,Cologne,1039488,405.00,116300,91900,78300,24000,700,,,,,,,,,,,,,,,,,,,,,,
Germany,Dortmund,578236,281.00,93000,57400,26500,8300,200,,,,,,,,,,,,,,,,,,,,,,
Germany,Duisburg,485580,233.00,57600,36900,21900,5100,100,,,,,,,,,,,,,,,,,,,,,,
Germany,Dusseldorf,601074,217.00,129400,79600,51700,13600,200,,,,,,,,,,,,,,,,,,,,,,
Germany,Essen,570827,210.00,57100,36700,33400,25900,11200,,,,,,,,,,,,,,,,,,,,,,
Germany,Gelsenkirchen,258290,105.00,31600,18500,12300,5100,500,,,,,,,,,,,,,,,,,,,,,,
Germany,Hagen,185823,160.00,42300,34000,22600,14300,9800,,,,,,,,,,,,,,,,,,,,,,
Germany,Herne,154507,51.00,27200,17200,9000,1100,0,,,,,,,,,,,,,,,,,,,,,,
Germany,Krefeld,222424,138.00,23100,14900,10400,2900,0,,,,,,,,,,,,,,,,,,,,,,
Germany,Leverkusen,161065,79.00,32700,16700,9200,1700,0,,,,,,,,,,,,,,,,,,,,,,
Germany,Moers,102935,68.00,17800,7000,3300,600,0,,,,,,,,,,,,,,,,,,,,,,
Germany,Monchengladbach,255975,170.00,27600,24700,26200,4200,0,,,,,,,,,,,,,,,,,,,,,,
Germany,Mulheim an der Ruhr,166769,91.00,19500,16300,9400,1100,0,,,,,,,,,,,,,,,,,,,,,,
Germany,Munster,300149,303.00,22200,13900,10400,2800,200,,,,,,,,,,,,,,,,,,,,,,
Germany,Neuss,152256,100.00,36000,19200,8500,900,0,,,,,,,,,,,,,,,,,,,,,,
Germany,Oberhausen,209210,77.00,30200,20800,11000,1000,0,,,,,,,,,,,,,,,,,,,,,,
Germany,Recklinghausen,114523,66.00,15800,9500,6600,2800,0,,,,,,,,,,,,,,,,,,,,,,
Germany,Remscheid,109024,75.00,4100,3800,4000,1300,0,,,,,,,,,,,,,,,,,,,,,,
Germany,Solingen,156369,90.00,6600,8400,8100,2000,0,,,,,,,,,,,,,,,,,,,,,,
Germany,Wuppertal,343494,168.00,25700,19000,19300,13000,1200,,,,,,,,,,,,,,,,,,,,,,
Germany,Koblenz,109922,105.00,8400,4800,4200,1200,100,,,,,,,,,,,,,,,,,,,,,,
Germany,Ludwigshafen,165362,78.00,16300,11600,9300,3200,100,,,,,,,,,,,,,,,,,,,,,,
Germany,Mainz,209402,98.00,22400,13600,7500,1800,200,,,,,,,,,,,,,,,,,,,,,,
Germany,Saarbrucken,231556,219.00,17500,12700,9900,2800,200,,,,,,,,,,,,,,,,,,,,,,
Germany,Chemnitz,173973,53.00,14300,11400,7700,1600,100,,,,,,,,,,,,,,,,,,,,,,
Germany,Dresden,509971,186.00,38600,34900,22500,4600,100,,,,,,,,,,,,,,,,,,,,,,
Germany,Leipzig,539039,297.00,35300,28500,28200,11100,300,,,,,,,,,,,,,,,,,,,,,,
Germany,Halle,231565,136.00,22700,15600,10000,3200,2200,,,,,,,,,,,,,,,,,,,,,,
Germany,Magdeburg,231021,202.00,43400,27800,11000,900,100,,,,,,,,,,,,,,,,,,,,,,
Germany,Kiel,290000,189.00,16200,10400,8700,1500,100,,,,,,,,,,,,,,,,,,,,,,
Germany,Lubeck,250000,298.00,14600,7800,6900,1000,0,,,,,,,,,,,,,,,,,,,,,,
Greece,Athens,745514,38.00,-2,-2,-2,-2,-2,,,,,,,,,,,,,,,,,,,,,,
Greece,Ioannina,-2,-2,-2,-2,-2,-2,-2,,,,,,,,,,,,,,,,,,,,,,
Greece,Iraklion,-2,-2,-2,-2,-2,-2,-2,,,,,,,,,,,,,,,,,,,,,,
Greece,Larissa,-2,-2,-2,-2,-2,-2,-2,,,,,,,,,,,,,,,,,,,,,,
Greece,Patra,-2,-2,-2,-2,-2,-2,-2,,,,,,,,,,,,,,,,,,,,,,
Greece,Piraeus,-2,-2,-2,-2,-2,-2,-2,,,,,,,,,,,,,,,,,,,,,,
Greece,Thessaloniki,363987,18.00,-2,-2,-2,-2,-2,,,,,,,,,,,,,,,,,,,,,,
Greece,Volos,-2,-2,-2,-2,-2,-2,-2,,,,,,,,,,,,,,,,,,,,,,
Hungary,Budapest,2158871,1130.00,342100,287600,257600,184900,61300,,,,,,,,,,,,,,,,,,,,,,
Hungary,Debrecen,203059,462.00,33200,35000,25400,10000,600,,,,,,,,,,,,,,,,,,,,,,
Hungary,Gyor,131564,175.00,18100,21900,20500,4500,0,,,,,,,,,,,,,,,,,,,,,,
Hungary,Kecskemet,111724,323.00,23600,19200,10100,1400,0,,,,,,,,,,,,,,,,,,,,,,
Hungary,Miskolc,158101,237.00,27400,25900,22800,12700,600,,,,,,,,,,,,,,,,,,,,,,
Hungary,Nyiregyhaza,118058,275.00,14800,13800,12100,2800,0,,,,,,,,,,,,,,,,,,,,,,
Hungary,Pecs,145347,163.00,23700,20100,11300,4800,200,,,,,,,,,,,,,,,,,,,,,,
Hungary,Szeged,162621,281.00,25300,16400,11300,3700,400,,,,,,,,,,,,,,,,,,,,,,
Iceland,Akureyri,18787,138.00,100,0,0,0,0,,,,,,,,,,,,,,,,,,,,,,
Iceland,Gardabaer,15709,71.00,2200,500,0,0,0,,,,,,,,,,,,,,,,,,,,,,
Iceland,Hafnafjordur,29412,143.00,2600,1600,300,100,0,,,,,,,,,,,,,,,,,,,,,,
Iceland,Kopavogur,35970,80.00,7000,1900,300,0,0,,,,,,,,,,,,,,,,,,,,,,
Iceland,Mosfellsbaer,10556,185.00,1700,200,0,0,0,,,,,,,,,,,,,,,,,,,,,,
Iceland,Reykjanesbaer,17805,145.00,1500,100,0,0,0,,,,,,,,,,,,,,,,,,,,,,
Iceland,Reykjavik,126041,274.00,17900,11600,4600,1300,100,,,,,,,,,,,,,,,,,,,,,,
Iceland,Selfoss,8995,158.00,200,200,0,0,0,,,,,,,,,,,,,,,,,,,,,,
Iceland,Seltjarnarnes,4575,2.00,100,0,100,0,0,,,,,,,,,,,,,,,,,,,,,,
Ireland,Cork,190900,186.00,29200,19300,19000,2200,0,,,,,,,,,,,,,,,,,,,,,,
Ireland,Dublin,1308900,936.00,291500,127900,139600,53200,4500,,,,,,,,,,,,,,,,,,,,,,
Italy,Andria,100440,399.54,18500,49000,22000,1900,0,,,,,,,,,,,,,,,,,,,,,,
Italy,Bari,326344,116.67,70000,100100,64800,17600,200,,,,,,,,,,,,,,,,,,,,,,
Italy,Bergamo,120262,39.6,21900,16100,14000,6200,1100,,,,,,,,,,,,,,,,,,,,,,
Italy,Bologna,492507,274.66,103800,86300,66300,55300,9300,,,,,,,,,,,,,,,,,,,,,,
Italy,Bolzano,106110,52.33,12800,5200,9200,5200,100,,,,,,,,,,,,,,,,,,,,,,
Italy,Brescia,197956,90.68,55900,44300,26700,5400,200,,,,,,,,,,,,,,,,,,,,,,
Italy,Cagliari,342800,225,43300,98000,124000,63600,2700,,,,,,,,,,,,,,,,,,,,,,
Italy,Catania,293902,182,48200,45600,74500,33800,900,,,,,,,,,,,,,,,,,,,,,,
Italy,Ferrara,133682,404.64,21100,22000,11500,2500,0,,,,,,,,,,,,,,,,,,,,,,
Italy,Florence,355798,102.27,86000,51800,70700,18700,1300,,,,,,,,,,,,,,,,,,,,,,
Italy,Foggia,151991,505.70,33900,42300,31000,5900,0,,,,,,,,,,,,,,,,,,,,,,
Italy,Forli,118295,228.00,23100,25000,11200,700,0,,,,,,,,,,,,,,,,,,,,,,
Italy,Genoa,594733,243.00,32800,27400,16600,11100,2300,,,,,,,,,,,,,,,,,,,,,,
Italy,Latina,117892,277.00,13400,20200,23200,13300,300,,,,,,,,,,,,,,,,,,,,,,
Italy,Livorno,157825,101.98,14900,50800,53000,31300,0,,,,,,,,,,,,,,,,,,,,,,
Italy,Modena,185000,183.49,45300,31900,34500,7400,400,,,,,,,,,,,,,,,,,,,,,,
Italy,Naples,1004500,117.27,-2,-2,-2,-2,-2,,,,,,,,,,,,,,,,,,,,,,
Italy,Palermo,673581,77.40,114100,96000,73800,43000,7400,,,,,,,,,,,,,,,,,,,,,,
Italy,Parma,190500,261.00,113300,54300,5500,100,0,,,,,,,,,,,,,,,,,,,,,,
Italy,Piacenza,102355,118.46,42400,16900,14300,4300,100,,,,,,,,,,,,,,,,,,,,,,
Italy,Prato,193325,97.45,52600,60900,29800,3800,100,,,,,,,,,,,,,,,,,,,,,,
Italy,Ravenna,159057,653.00,36300,35500,20600,2900,400,,,,,,,,,,,,,,,,,,,,,,
Italy,Reggio Emilia,172600,231.56,29100,28100,15900,4200,200,,,,,,,,,,,,,,,,,,,,,,
Italy,Rimini,147346,135.27,28800,24800,16000,4000,1400,,,,,,,,,,,,,,,,,,,,,,
Italy,Rome,2876614,1286.18,478600,534800,424500,176900,47200,,,,,,,,,,,,,,,,,,,,,,
Italy,Salerno,132608,59.00,-2,-2,-2,-2,-2,,,,,,,,,,,,,,,,,,,,,,
Italy,Sassari,111778,69.40,28000,31100,20600,10100,400,,,,,,,,,,,,,,,,,,,,,,
Italy,Taranto,201100,218.43,32600,62200,43700,2000,0,,,,,,,,,,,,,,,,,,,,,,
Italy,Trieste,203767,85.00,21800,300,0,0,0,,,,,,,,,,,,,,,,,,,,,,
Italy,Turin,1430286,250.00,279500,549000,316400,116100,1800,,,,,,,,,,,,,,,,,,,,,,
Italy,Vicenza,100005,78.00,19000,14700,18700,11100,1600,,,,,,,,,,,,,,,,,,,,,,
Italy,MacroAgglo Milan-Monza,2135450,481.00,380500,393800,278900,70900,3600,,,,,,,,,,,,,,,,,,,,,,
Italy,Messina,243222,213.00,16700,37600,45800,44200,7500,,,,,,,,,,,,,,,,,,,,,,
Italy,Padova,210400,93.03,21000,104600,40600,13300,2000,,,,,,,,,,,,,,,,,,,,,,
Italy,Perugia,166969,-2,-2,-2,-2,-2,-2,,,,,,,,,,,,,,,,,,,,,,
Italy,Pescara,117166,34.38,-2,-2,-2,-2,-2,,,,,,,,,,,,,,,,,,,,,,
Italy,Syracuse,118442,208.00,12700,20000,25000,23800,10700,,,,,,,,,,,,,,,,,,,,,,
Italy,Terni,111210,212.43,29100,33100,12000,13100,600,,,,,,,,,,,,,,,,,,,,,,
Italy,Venice,259200,415.90,39300,28600,24900,20600,2800,,,,,,,,,,,,,,,,,,,,,,
Italy,Verona,258500,198.92,41200,59000,59600,56400,19500,,,,,,,,,,,,,,,,,,,,,,
Latvia,Riga,641007,304.00,133900,188900,143900,54400,5000,,,,,,,,,,,,,,,,,,,,,,
Liechtenstein,-1,-1,-1.00,-1,-1,-1,-1,-1,,,,,,,,,,,,,,,,,,,,,,
Lithuania,Kaunas,295585,157.00,84200,79100,31600,3100,0,,,,,,,,,,,,,,,,,,,,,,
Lithuania,Klaipeda,154326,98.00,28400,34500,37800,13400,4500,,,,,,,,,,,,,,,,,,,,,,
Lithuania,Siauliai,102000,81.00,23600,30000,22000,4700,100,,,,,,,,,,,,,,,,,,,,,,
Lithuania,Vilnius,574339,401.00,128300,122100,80800,19300,1100,,,,,,,,,,,,,,,,,,,,,,
Luxembourg,Luxembourg,153410,135.65,40600,39400,41400,20700,2600,,,,,,,,,,,,,,,,,,,,,,
Macedonia,Bitola,92905,10.35,-2,-2,-2,-2,-2,,,,,,,,,,,,,,,,,,,,,,
Macedonia,Kumanovo,108048,12.36,-2,-2,-2,-2,-2,,,,,,,,,,,,,,,,,,,,,,
Macedonia,Skopje,506926,63.29,-2,-2,-2,-2,-2,,,,,,,,,,,,,,,,,,,,,,
Macedonia,Tetovo,90650,7.24,-2,-2,-2,-2,-2,,,,,,,,,,,,,,,,,,,,,,
Malta,Valletta,277600,54.125,23200,14600,21600,6700,1100,,,,,,,,,,,,,,,,,,,,,,
Montenegro,Podgorica,185937,1441.00,34400,61300,31300,5500,0,,,,,,,,,,,,,,,,,,,,,,
Netherlands,Alkmaar,240505,236.69,48500,25600,12900,900,-1,,,,,,,,,,,,,,,,,,,,,,
Netherlands,Almere,196932,248.77,12400,3900,300,-1,-1,,,,,,,,,,,,,,,,,,,,,,
Netherlands,Amersfoort,152481,63.86,19600,5300,700,-1,-1,,,,,,,,,,,,,,,,,,,,,,
Netherlands,Amsterdam,1678380,890.36,278600,238100,155200,24000,500,,,,,,,,,,,,,,,,,,,,,,
Netherlands,Apeldoorn,158099,341.15,20300,17000,6000,200,-1,,,,,,,,,,,,,,,,,,,,,,
Netherlands,Arnhem,152293,101.54,31100,22700,5900,-1,-1,,,,,,,,,,,,,,,,,,,,,,
Netherlands,Breda,180937,128.68,26000,27100,14200,1400,-1,,,,,,,,,,,,,,,,,,,,,,
Netherlands,Eindhoven,447329,275.98,79300,51900,29000,2600,-1,,,,,,,,,,,,,,,,,,,,,,
Netherlands,Enschede,311903,273.96,42200,33300,11300,100,-1,,,,,,,,,,,,,,,,,,,,,,
Netherlands,Gouda,204158,180.01,43500,17700,3000,100,-1,,,,,,,,,,,,,,,,,,,,,,
Netherlands,Groningen,200336,83.75,37000,30900,3700,200,-1,,,,,,,,,,,,,,,,,,,,,,
Netherlands,Heerlen,228028,174.31,33300,31100,16100,500,-1,,,,,,,,,,,,,,,,,,,,,,
Netherlands,Hilversum,217072,160.52,51100,34600,17700,1200,-1,,,,,,,,,,,,,,,,,,,,,,
Netherlands,Maastricht,122397,60.03,21700,18200,11300,500,-1,,,,,,,,,,,,,,,,,,,,,,
Netherlands,Nijmegen,170681,57.60,25200,24700,11600,500,-1,,,,,,,,,,,,,,,,,,,,,,
Netherlands,Rotterdam,1310726,656.19,282600,218000,101500,8300,-1,,,,,,,,,,,,,,,,,,,,,,
Netherlands,s Hertogenbosch,150899,91.79,24300,24600,11600,1300,-1,,,,,,,,,,,,,,,,,,,,,,
Netherlands,The Hague,1322251,536.49,236800,220700,110700,5300,100,,,,,,,,,,,,,,,,,,,,,,
Netherlands,Tilburg,211648,119.15,35400,35700,20600,2500,-1,,,,,,,,,,,,,,,,,,,,,,
Netherlands,Utrecht,478138,205.53,133200,83100,25500,200,-1,,,,,,,,,,,,,,,,,,,,,,
Netherlands,Zwolle,123861,119.36,18800,10800,1400,-1,-1,,,,,,,,,,,,,,,,,,,,,,
Norway,Bergen,277391,465.00,-2,-2,-2,-2,-2,,,,,,,,,,,,,,,,,,,,,,
Norway,Fredrikstad,129317,689.00,16800,12700,8200,2800,100,,,,,,,,,,,,,,,,,,,,,,
Norway,Oslo and adjecent agglomerations,973979,1003.00,208100,141000,105900,49000,4400,,,,,,,,,,,,,,,,,,,,,,
Norway,Stavanger,233560,444.36,26500,22300,14000,3200,600,,,,,,,,,,,,,,,,,,,,,,
Norway,Trondheim,187353,342.00,37900,24500,13600,5200,700,,,,,,,,,,,,,,,,,,,,,,
Poland,Bialystok,296600,102.10,82800,54900,32200,3100,0,,,,,,,,,,,,,,,,,,,,,,
Poland,Bielsko-Biala,173699,124.50,10000,11600,6700,4300,400,,,,,,,,,,,,,,,,,,,,,,
Poland,Bydgoszcz,329188,176.00,105000,64300,25200,6400,400,,,,,,,,,,,,,,,,,,,,,,
Poland,Bytom,172306,69.60,2000,1800,1400,600,100,,,,,,,,,,,,,,,,,,,,,,
Poland,Czestochowa,228179,159.70,35800,34300,26100,9000,100,,,,,,,,,,,,,,,,,,,,,,
Poland,Dabrowa Gornicza,121802,188.70,40000,20000,10000,0,0,,,,,,,,,,,,,,,,,,,,,,
Poland,Elblag,117127,79.50,28800,30900,16000,900,0,,,,,,,,,,,,,,,,,,,,,,
Poland,Gdansk,463764,262.00,75600,45500,18000,4400,400,,,,,,,,,,,,,,,,,,,,,,
Poland,Gdynia,235980,135.10,52200,38700,20400,5800,300,,,,,,,,,,,,,,,,,,,,,,
Poland,Gliwice,183392,133.90,30100,23400,12800,5800,500,,,,,,,,,,,,,,,,,,,,,,
Poland,Gorzow Wielkopolski,115150,85.70,24000,14900,4300,800,0,,,,,,,,,,,,,,,,,,,,,,
Poland,Katowice,296262,165.00,56400,35800,15300,4300,400,,,,,,,,,,,,,,,,,,,,,,
Poland,Kielce,197704,109.70,50000,50000,20000,0,0,,,,,,,,,,,,,,,,,,,,,,
Poland,Koszalin,102034,98.30,27400,23700,13200,3100,0,,,,,,,,,,,,,,,,,,,,,,
Poland,Krakow,766739,326.80,97900,103800,72800,31300,7200,,,,,,,,,,,,,,,,,,,,,,
Poland,Legnica,100718,56.30,24400,22200,11600,10000,2100,,,,,,,,,,,,,,,,,,,,,,
Poland,Lodz,701410,293.20,99300,66300,37400,24300,6900,,,,,,,,,,,,,,,,,,,,,,
Poland,Lublin,340200,147.00,48200,57400,40800,19400,3400,,,,,,,,,,,,,,,,,,,,,,
Poland,Olsztyn,176457,88.00,400,300,100,0,0,,,,,,,,,,,,,,,,,,,,,,
Poland,Opole,127792,148.80,38800,21100,15800,6400,500,,,,,,,,,,,,,,,,,,,,,,
Poland,Plock,119624,88.20,35200,35500,15300,4100,0,,,,,,,,,,,,,,,,,,,,,,
Poland,Poznan,509436,263.20,79100,45500,21300,6300,1000,,,,,,,,,,,,,,,,,,,,,,
Poland,Radom,215653,111.80,29800,18500,7700,2100,100,,,,,,,,,,,,,,,,,,,,,,
Poland,Ruda Slaska,134400,77.70,34500,23000,18900,4300,200,,,,,,,,,,,,,,,,,,,,,,
Poland,Rybnik,132645,148.30,33100,22400,16000,6700,800,,,,,,,,,,,,,,,,,,,,,,
Poland,Rzeszow,188300,120.40,60000,44000,0,0,0,,,,,,,,,,,,,,,,,,,,,,
Poland,Sosnowiec,219300,91.00,91000,46000,19100,6300,600,,,,,,,,,,,,,,,,,,,,,,
Poland,Torun,185459,115.80,42900,25000,9400,1700,0,,,,,,,,,,,,,,,,,,,,,,
Poland,Tychy,129449,81.81,16400,11900,5500,800,100,,,,,,,,,,,,,,,,,,,,,,
Poland,Walbrzych,117900,85.00,4600,3700,6400,8900,100,,,,,,,,,,,,,,,,,,,,,,
Poland,Warsaw,1753977,517.20,326200,271700,136900,29700,1500,,,,,,,,,,,,,,,,,,,,,,
Poland,Wloclawek,108841,72.90,21500,12300,2800,200,0,,,,,,,,,,,,,,,,,,,,,,
Poland,Wroclaw,631377,292.80,146400,99600,50600,14000,1200,,,,,,,,,,,,,,,,,,,,,,
Poland,Zabrze,177000,80.40,68900,43600,22600,8900,800,,,,,,,,,,,,,,,,,,,,,,
Poland,Zielona Gora,139330,278.80,25900,23600,13600,5400,100,,,,,,,,,,,,,,,,,,,,,,
Portugal,Amadora,175136,23.80,25600,24100,19800,8900,1300,,,,,,,,,,,,,,,,,,,,,,
Portugal,Lisbon,547733,84.62,86900,79200,57300,18200,1900,,,,,,,,,,,,,,,,,,,,,,
Portugal,Matosinhos,175478,61.91,25600,10900,9400,8900,2400,,,,,,,,,,,,,,,,,,,,,,
Portugal,Odivelas,144549,26.62,18400,22800,16600,2600,0,,,,,,,,,,,,,,,,,,,,,,
Portugal,Oeiras,172120,45.85,27800,15700,9400,800,0,,,,,,,,,,,,,,,,,,,,,,
Portugal,Porto,237591,41.52,10600,8800,7900,6200,4000,,,,,,,,,,,,,,,,,,,,,,
Romania,Arad,179230,4106,16000,8700,3800,1600,0,,,,,,,,,,,,,,,,,,,,,,
Romania,Bacau,197003,3880,34900,36700,36600,19500,1700,,,,,,,,,,,,,,,,,,,,,,
Romania,Baia Mare,147425,3564,17000,16500,14600,1600,100,,,,,,,,,,,,,,,,,,,,,,
Romania,Botosani,121793,1950,14100,12300,6800,1900,100,,,,,,,,,,,,,,,,,,,,,,
Romania,Braila,208201,3674,6300,15600,15100,6400,1000,,,,,,,,,,,,,,,,,,,,,,
Romania,Brasov,290167,11056,24600,16400,9500,1200,100,,,,,,,,,,,,,,,,,,,,,,
Romania,Bucharest,2106144,24190,470000,307800,153400,50200,600,,,,,,,,,,,,,,,,,,,,,,
Romania,Buzau,134498,4720,31000,19600,14100,8600,5500,,,,,,,,,,,,,,,,,,,,,,
Romania,Cluj-Napoca,321687,10472,73000,76200,41600,10200,400,,,,,,,,,,,,,,,,,,,,,,
Romania,Constanta,316777,6042,70000,44700,28600,7800,300,,,,,,,,,,,,,,,,,,,,,,
Romania,Craiova,304089,7063,54100,56200,70400,21800,3500,,,,,,,,,,,,,,,,,,,,,,
Romania,Galati,305093,6452,-2,-2,-2,-2,-2,,,,,,,,,,,,,,,,,,,,,,
Romania,Iasi,362142,6924,63300,49600,33500,13700,500,,,,,,,,,,,,,,,,,,,,,,
Romania,Oradea,196367,8182,45900,28100,19300,5200,1200,,,,,,,,,,,,,,,,,,,,,,
Romania,Pitesti,175653,2812,31100,28800,33900,29900,4100,,,,,,,,,,,,,,,,,,,,,,
Romania,Ploiesti,231491,5412,47600,28900,23600,5800,800,,,,,,,,,,,,,,,,,,,,,,
Romania,Sibiu,169317,5007,22000,32200,30900,23400,8300,,,,,,,,,,,,,,,,,,,,,,
Romania,Targu Mures,149543,3266,-2,-2,-2,-2,-2,,,,,,,,,,,,,,,,,,,,,,
Romania,Timisoara,331988,7600,51100,45200,44200,21500,5100,,,,,,,,,,,,,,,,,,,,,,
Romania,Satu Mare,121128,4186,4600,5100,3500,500,0,,,,,,,,,,,,,,,,,,,,,,
Slovakia,Bratislava,493734,444.42,112600,97100,57200,18700,9000,,,,,,,,,,,,,,,,,,,,,,
Slovakia,Kosicka,226192,113.30,-2,-2,-2,-2,-2,,,,,,,,,,,,,,,,,,,,,,
Slovenia,Ljubljana,274500,275.00,55900,49200,34900,7500,200,,,,,,,,,,,,,,,,,,,,,,
Slovenia,Maribor,106400,147.47,17700,20300,13600,3500,0,,,,,,,,,,,,,,,,,,,,,,
Spain,A Coruna,245700,38.66,17100,47900,80100,66300,26200,,,,,,,,,,,,,,,,,,,,,,
Spain,Albacete,172487,30.29,-2,-2,-2,-2,-2,,,,,,,,,,,,,,,,,,,,,,
Spain,Alcala de Henares,194310,88.12,32400,76100,36800,12200,400,,,,,,,,,,,,,,,,,,,,,,
Spain,Alcobendas,115896,44.98,31000,19200,3300,500,100,,,,,,,,,,,,,,,,,,,,,,
Spain,Alcorcon,170336,33.73,-2,-2,-2,-2,-2,,,,,,,,,,,,,,,,,,,,,,
Spain,Algeciras,117974,85.80,-2,-2,-2,-2,-2,,,,,,,,,,,,,,,,,,,,,,
Spain,Alicante,332067,40.00,-2,-2,-2,-2,-2,,,,,,,,,,,,,,,,,,,,,,
Spain,Almeria,193351,22.11,-2,-2,-2,-2,-2,,,,,,,,,,,,,,,,,,,,,,
Spain,Badajoz,137144,20.46,30500,47200,39500,2800,0,,,,,,,,,,,,,,,,,,,,,,
Spain,Baix Llobregat I,478970,50.00,-2,-2,-2,-2,-2,,,,,,,,,,,,,,,,,,,,,,
Spain,Baix Llobregat II,194791,73.00,-2,-2,-2,-2,-2,,,,,,,,,,,,,,,,,,,,,,
Spain,Barcelones I,1637772,105.20,-2,-2,-2,-2,-2,,,,,,,,,,,,,,,,,,,,,,
Spain,Barcelones II,335948,28.20,-2,-2,-2,-2,-2,,,,,,,,,,,,,,,,,,,,,,
Spain,Bilbao,345474,40.65,45200,75900,70600,18800,300,,,,,,,,,,,,,,,,,,,,,,
Spain,Burgos,174252,107.08,43900,39400,24300,2000,0,,,,,,,,,,,,,,,,,,,,,,
Spain,Cadiz,177776,11.10,-2,-2,-2,-2,-2,,,,,,,,,,,,,,,,,,,,,,
Spain,Cartagena,151887,22.70,18400,14700,10100,1600,0,,,,,,,,,,,,,,,,,,,,,,
Spain,Castellon de la Plana,173841,43.48,-2,-2,-2,-2,-2,,,,,,,,,,,,,,,,,,,,,,
Spain,Cordoba,328041,30.94,-2,-2,-2,-2,-2,,,,,,,,,,,,,,,,,,,,,,
Spain,Dos Hermanas,130369,160.52,-2,-2,-2,-2,-2,,,,,,,,,,,,,,,,,,,,,,
Spain,Elche,228647,29.41,-2,-2,-2,-2,-2,,,,,,,,,,,,,,,,,,,,,,
Spain,Fuenlabrada,204838,36.75,68400,32000,4200,100,0,,,,,,,,,,,,,,,,,,,,,,
Spain,Getafe,183764,78.69,57100,50600,21000,2300,100,,,,,,,,,,,,,,,,,,,,,,
Spain,Gijon,275735,182.00,-2,-2,-2,-2,-2,,,,,,,,,,,,,,,,,,,,,,
Spain,Girones,127330,46.00,-2,-2,-2,-2,-2,,,,,,,,,,,,,,,,,,,,,,
Spain,Granada,258750,88.02,86000,81800,33300,9700,1200,,,,,,,,,,,,,,,,,,,,,,
Spain,Huelva,147212,151.33,47500,51900,25500,100,0,,,,,,,,,,,,,,,,,,,,,,
Spain,Jaen,115837,424.30,-2,-2,-2,-2,-2,,,,,,,,,,,,,,,,,,,,,,
Spain,Jerez de la Frontera,212876,43.68,49700,62100,34700,9300,1400,,,,,,,,,,,,,,,,,,,,,,
Spain,Las Palmas de Gran Canaria,382283,101.00,-2,-2,-2,-2,-2,,,,,,,,,,,,,,,,,,,,,,
Spain,Leganes,186696,43.09,-2,-2,-2,-2,-2,,,,,,,,,,,,,,,,,,,,,,
Spain,Leon,129884,39.00,18200,34200,29200,7400,100,,,,,,,,,,,,,,,,,,,,,,
Spain,Lleida,138144,211.70,44500,46500,14500,7900,0,,,,,,,,,,,,,,,,,,,,,,
Spain,Logrono,151962,20.00,-2,-2,-2,-2,-2,,,,,,,,,,,,,,,,,,,,,,
Spain,Madrid,3165883,604.00,577000,445100,147100,27700,1200,,,,,,,,,,,,,,,,,,,,,,
Spain,Malaga,566913,98.00,-2,-2,-2,-2,-2,,,,,,,,,,,,,,,,,,,,,,
Spain,Marbella,138679,116.82,-2,-2,-2,-2,-2,,,,,,,,,,,,,,,,,,,,,,
Spain,Mataro,126159,22.53,16200,46500,41600,16700,3000,,,,,,,,,,,,,,,,,,,,,,
Spain,Mostoles,205712,45.00,-2,-2,-2,-2,-2,,,,,,,,,,,,,,,,,,,,,,
Spain,Murcia,439712,886.00,-2,-2,-2,-2,-2,,,,,,,,,,,,,,,,,,,,,,
Spain,Oviedo,221870,187.00,37600,37500,18500,6700,400,,,,,,,,,,,,,,,,,,,,,,
Spain,Palma de Mallorca,399093,213.00,-2,-2,-2,-2,-2,,,,,,,,,,,,,,,,,,,,,,
Spain,Pamplona,340197,134.12,64400,57500,23000,1400,0,,,,,,,,,,,,,,,,,,,,,,
Spain,Parla,125323,24.51,-2,-2,-2,-2,-2,,,,,,,,,,,,,,,,,,,,,,
Spain,Reus,104560,52.80,20900,36900,18300,8100,0,,,,,,,,,,,,,,,,,,,,,,
Spain,Salamanca,148042,27.42,-2,-2,-2,-2,-2,,,,,,,,,,,,,,,,,,,,,,
Spain,San Cristobal de La Laguna,153009,102.40,-2,-2,-2,-2,-2,,,,,,,,,,,,,,,,,,,,,,
Spain,San Sebastian - Donostia,180271,60.73,43500,37300,20000,2600,0,,,,,,,,,,,,,,,,,,,,,,
Spain,Santa Cruz de Tenerife,205279,150.00,-2,-2,-2,-2,-2,,,,,,,,,,,,,,,,,,,,,,
Spain,Santander,176256,34.76,24500,23200,15600,5500,0,,,,,,,,,,,,,,,,,,,,,,
Spain,Sevilla,696676,140.09,-2,-2,-2,-2,-2,,,,,,,,,,,,,,,,,,,,,,
Spain,Tarragona,138006,65.00,-2,-2,-2,-2,-2,,,,,,,,,,,,,,,,,,,,,,
Spain,Telde,102070,102.43,-2,-2,-2,-2,-2,,,,,,,,,,,,,,,,,,,,,,
Spain,Torrejon de Ardoz,126878,32.62,-2,-2,-2,-2,-2,,,,,,,,,,,,,,,,,,,,,,
Spain,Valencia,791632,134.65,228100,145400,110900,52100,2300,,,,,,,,,,,,,,,,,,,,,,
Spain,Valladolid,306830,197.91,-2,-2,-2,-2,-2,,,,,,,,,,,,,,,,,,,,,,
Spain,Valles Occidental I,253547,47.00,-2,-2,-2,-2,-2,,,,,,,,,,,,,,,,,,,,,,
Spain,Valles Occidental II,222912,90.00,-2,-2,-2,-2,-2,,,,,,,,,,,,,,,,,,,,,,
Spain,Vigo,289784,104.87,48900,38600,44200,14900,300,,,,,,,,,,,,,,,,,,,,,,
Spain,Vitoria - Gazteiz,244634,276.80,58000,53700,26900,4100,0,,,,,,,,,,,,,,,,,,,,,,
Spain,Zaragoza,666058,967.07,-2,-2,-2,-2,-2,,,,,,,,,,,,,,,,,,,,,,
Sweden,Boras,107022,909.90,19500,13100,5200,900,100,,,,,,,,,,,,,,,,,,,,,,
Sweden,Eskilstuna,100923,1099.87,8800,6000,1500,0,0,,,,,,,,,,,,,,,,,,,,,,
Sweden,Gothenburg,541145,449.50,99900,52900,24900,2500,500,,,,,,,,,,,,,,,,,,,,,,
Sweden,Helsingborg,135344,343.89,26800,14800,6000,800,0,,,,,,,,,,,,,,,,,,,,,,
Sweden,Huddinge,104185,131.01,17200,11700,5200,2100,100,,,,,,,,,,,,,,,,,,,,,,
Sweden,Jonkoping,132140,1480.36,17500,12400,3300,1400,700,,,,,,,,,,,,,,,,,,,,,,
Sweden,Linkoping,151881,1427.44,17800,9000,4900,300,0,,,,,,,,,,,,,,,,,,,,,,
Sweden,Lund,115968,427.23,16800,10000,4200,100,0,,,,,,,,,,,,,,,,,,,,,,
Sweden,Malmo,318107,156.60,89800,52400,29600,1200,0,,,,,,,,,,,,,,,,,,,,,,
Sweden,Norrkoping,135283,1495.05,15700,10000,5700,900,0,,,,,,,,,,,,,,,,,,,,,,
Sweden,Orebro,142618,1373.02,18600,7800,2800,400,0,,,,,,,,,,,,,,,,,,,,,,
Sweden,Stockholm,911989,187.17,169700,146200,79100,25600,1100,,,,,,,,,,,,,,,,,,,,,,
Sweden,Umea,119613,2316.61,20600,10700,3100,300,0,,,,,,,,,,,,,,,,,,,,,,
Sweden,Uppsala,207362,2182.80,50500,21800,8100,2100,0,,,,,,,,,,,,,,,,,,,,,,
Sweden,Vasteras,143702,957.89,31300,15300,4100,1600,600,,,,,,,,,,,,,,,,,,,,,,
Switzerland,Baden-Brugg,105606,91.48,28900,18800,10600,2900,100,,,,,,,,,,,,,,,,,,,,,,
Switzerland,Basel,527225,695.22,134100,81000,67400,16400,200,,,,,,,,,,,,,,,,,,,,,,
Switzerland,Bern,398873,780.97,96900,66500,39100,6500,800,,,,,,,,,,,,,,,,,,,,,,
Switzerland,Biel/Bienne,101271,169.33,22400,17100,11700,5200,200,,,,,,,,,,,,,,,,,,,,,,
Switzerland,Fribourg,100111,221.96,28800,17600,11100,1600,300,,,,,,,,,,,,,,,,,,,,,,
Switzerland,Geneva,552305,538.08,122300,133500,93600,61900,12400,,,,,,,,,,,,,,,,,,,,,,
Switzerland,Lausanne,389614,774.36,111700,81200,51900,15100,1100,,,,,,,,,,,,,,,,,,,,,,
Switzerland,Lucerne,220741,291.84,60900,41600,21300,11100,2500,,,,,,,,,,,,,,,,,,,,,,
Switzerland,Lugano,145576,306.82,41700,31000,20200,9500,1600,,,,,,,,,,,,,,,,,,,,,,
Switzerland,St. Gallen,162795,317.87,42900,27400,18400,3900,400,,,,,,,,,,,,,,,,,,,,,,
Switzerland,Winterthur,133691,148.49,30400,20500,13400,3500,300,,,,,,,,,,,,,,,,,,,,,,
Switzerland,Zug,121269,227.98,33500,21500,11000,2800,200,,,,,,,,,,,,,,,,,,,,,,
Switzerland,Zurich,1280944,1309.20,332800,220700,146600,30700,3300,,,,,,,,,,,,,,,,,,,,,,
Turkey,,,,-2,-2,-2,-2,-2,,,,,,,,,,,,,,,,,,,,,,
United Kingdom,Aldershot Urban Area,254000,77.83,46600,19700,11500,5300,600,,,,,,,,,,,,,,,,,,,,,,
United Kingdom,Basildon/North Benfleet,111000,24.92,7500,4200,2400,600,0,,,,,,,,,,,,,,,,,,,,,,
United Kingdom,Bedford/Kempston,107000,23.54,4400,2500,4400,3200,100,,,,,,,,,,,,,,,,,,,,,,
United Kingdom,Birkenhead,324000,89.11,62500,18600,12200,5500,400,,,,,,,,,,,,,,,,,,,,,,
United Kingdom,Blackburn/Darwen,143000,32.07,20500,6300,5900,3900,200,,,,,,,,,,,,,,,,,,,,,,
United Kingdom,Blackpool,261000,65.86,8200,5300,9000,3000,0,,,,,,,,,,,,,,,,,,,,,,
United Kingdom,Bournemouth,432000,108.15,18500,11300,13100,10400,200,,,,,,,,,,,,,,,,,,,,,,
United Kingdom,Brighton/Worthing/Littlehampton,518000,94.09,28700,12200,21200,16000,300,,,,,,,,,,,,,,,,,,,,,,
United Kingdom,Bristol,639000,139.78,97400,31900,22700,21100,3400,,,,,,,,,,,,,,,,,,,,,,
United Kingdom,Burnley/Nelson,146000,30.27,24600,7200,5600,4600,100,,,,,,,,,,,,,,,,,,,,,,
United Kingdom,Cambridge Urban Area,152000,36.08,12400,5300,8600,3800,100,,,,,,,,,,,,,,,,,,,,,,
United Kingdom,Cheltenham/Charlton Kings,116000,27.12,6500,3100,5700,2800,0,,,,,,,,,,,,,,,,,,,,,,
United Kingdom,Chesterfield/Staveley,104000,28.31,4400,2200,2500,1600,100,,,,,,,,,,,,,,,,,,,,,,
United Kingdom,Colchester,121000,29.65,6600,4300,4000,2500,0,,,,,,,,,,,,,,,,,,,,,,
United Kingdom,Coventry/Bedworth,378000,75.56,57600,16600,9000,3400,200,,,,,,,,,,,,,,,,,,,,,,
United Kingdom,Crawley Urban Area,198000,54.02,40700,14300,8400,4200,300,,,,,,,,,,,,,,,,,,,,,,
United Kingdom,Dearne Valley Urban Area,215000,52.92,26000,7500,6200,4400,200,,,,,,,,,,,,,,,,,,,,,,
United Kingdom,Derby Urban Area,262000,57.01,14200,6600,7900,6100,100,,,,,,,,,,,,,,,,,,,,,,
United Kingdom,Doncaster Urban Area,134000,34.97,28400,7100,3900,2800,700,,,,,,,,,,,,,,,,,,,,,,
United Kingdom,Eastbourne,119000,23.56,5300,2400,5100,2900,0,,,,,,,,,,,,,,,,,,,,,,
United Kingdom,Exeter,119000,25.16,8400,3700,1800,1900,100,,,,,,,,,,,,,,,,,,,,,,
United Kingdom,Gloucester Urban Area,148000,35.38,23800,5800,4200,1300,100,,,,,,,,,,,,,,,,,,,,,,
United Kingdom,Grimsby/Cleethorpes,137000,34.17,4200,2700,4800,2300,100,,,,,,,,,,,,,,,,,,,,,,
United Kingdom,Hastings/Bexhill,135000,31.94,4700,4100,6400,5900,0,,,,,,,,,,,,,,,,,,,,,,
United Kingdom,High Wycombe Urban Area,129000,32.80,23900,9300,7300,4800,200,,,,,,,,,,,,,,,,,,,,,,
United Kingdom,Ipswich Urban Area,160000,40.56,13400,4400,5500,5100,200,,,,,,,,,,,,,,,,,,,,,,
United Kingdom,Kingston upon Hull,310000,80.45,7300,4200,4800,3100,100,,,,,,,,,,,,,,,,,,,,,,
United Kingdom,Leicester,501000,101.64,64800,19900,15800,8100,1400,,,,,,,,,,,,,,,,,,,,,,
United Kingdom,Lincoln Urban Area,111000,30.38,3600,1700,2400,2200,0,,,,,,,,,,,,,,,,,,,,,,
United Kingdom,Liverpool,837000,186.17,118500,37000,32100,26300,2400,,,,,,,,,,,,,,,,,,,,,,
United Kingdom,London,9878000,1623.37,1057200,446100,481500,565000,97800,,,,,,,,,,,,,,,,,,,,,,
United Kingdom,Luton/Dunstable,271000,48.95,36700,10300,5900,4100,200,,,,,,,,,,,,,,,,,,,,,,
United Kingdom,Manchester,2474000,556.71,478400,176900,115400,92000,11100,,,,,,,,,,,,,,,,,,,,,,
United Kingdom,Mansfield Urban Area,169000,45.20,9200,3500,3800,2100,0,,,,,,,,,,,,,,,,,,,,,,
United Kingdom,Milton Keynes Urban Area,206000,57.30,17600,5400,2000,200,0,,,,,,,,,,,,,,,,,,,,,,
United Kingdom,Northampton Urban Area,217000,52.58,30100,10100,8700,6100,100,,,,,,,,,,,,,,,,,,,,,,
United Kingdom,Norwich Urban Area,209000,56.27,9600,5800,8900,4200,200,,,,,,,,,,,,,,,,,,,,,,
United Kingdom,Nottingham,730000,158.52,92500,29400,22200,18900,3200,,,,,,,,,,,,,,,,,,,,,,
United Kingdom,Nuneaton Urban Area,134000,32.52,4100,1800,1800,500,0,,,,,,,,,,,,,,,,,,,,,,
United Kingdom,Oxford,166000,31.63,12500,5100,8400,5700,200,,,,,,,,,,,,,,,,,,,,,,
United Kingdom,Peterborough,153000,40.47,12500,6600,3800,1100,0,,,,,,,,,,,,,,,,,,,,,,
United Kingdom,Plymouth,266000,60.88,12700,6000,3700,3200,600,,,,,,,,,,,,,,,,,,,,,,
United Kingdom,Portsmouth,479000,94.52,87000,27600,19200,13400,1200,,,,,,,,,,,,,,,,,,,,,,
United Kingdom,Preston,275000,60.62,70300,20200,9100,5400,400,,,,,,,,,,,,,,,,,,,,,,
United Kingdom,Reading/Wokingham,393000,93.17,73300,26200,17100,9700,300,,,,,,,,,,,,,,,,,,,,,,
United Kingdom,Sheffield,694000,162.24,78200,28000,21500,18800,1300,,,,,,,,,,,,,,,,,,,,,,
United Kingdom,Slough Urban Area,165000,30.57,56200,15500,7400,4000,500,,,,,,,,,,,,,,,,,,,,,,
United Kingdom,Southampton,342000,72.80,85500,25800,16800,11900,600,,,,,,,,,,,,,,,,,,,,,,
United Kingdom,Southend,294000,66.85,10800,5500,9000,6600,300,,,,,,,,,,,,,,,,,,,,,,
United Kingdom,Southport/Formby,115000,30.89,3100,4400,5000,1100,0,,,,,,,,,,,,,,,,,,,,,,
United Kingdom,St Albans/Hatfield,140000,32.36,30900,7600,4900,2800,200,,,,,,,,,,,,,,,,,,,,,,
United Kingdom,Sunderland Urban Area,179000,39.83,9600,4900,4000,3000,100,,,,,,,,,,,,,,,,,,,,,,
United Kingdom,Swindon,172000,40.55,16100,4900,3100,2300,0,,,,,,,,,,,,,,,,,,,,,,
United Kingdom,Teesside,369000,114.32,22400,10500,6900,1700,0,,,,,,,,,,,,,,,,,,,,,,
United Kingdom,Telford Urban Area,140000,41.80,14500,4800,1800,300,100,,,,,,,,,,,,,,,,,,,,,,
United Kingdom,Thanet,130000,26.68,4000,2500,3400,3000,0,,,,,,,,,,,,,,,,,,,,,,
United Kingdom,The Medway Towns Urban Area,250000,50.97,23100,9800,7600,5600,400,,,,,,,,,,,,,,,,,,,,,,
United Kingdom,The Potteries,370000,96.62,30700,14200,14600,8800,400,,,,,,,,,,,,,,,,,,,,,,
United Kingdom,Torbay,113000,27.47,5000,2400,2500,3800,500,,,,,,,,,,,,,,,,,,,,,,
United Kingdom,Tyneside,909000,210.91,92000,34400,28200,18300,2900,,,,,,,,,,,,,,,,,,,,,,
United Kingdom,Warrington Urban Area,166000,43.55,51100,16100,6400,2800,100,,,,,,,,,,,,,,,,,,,,,,
United Kingdom,West Midlands,2508000,599.72,415000,165200,105100,65600,5100,,,,,,,,,,,,,,,,,,,,,,
United Kingdom,West Yorkshire,1636000,370.02,220300,87200,59600,43800,7500,,,,,,,,,,,,,,,,,,,,,,
United Kingdom,Wigan Urban Area,173000,39.02,34900,10300,7000,6100,500,,,,,,,,,,,,,,,,,,,,,,
United Kingdom,York,160000,31.48,6200,3000,4000,3900,0,,,,,,,,,,,,,,,,,,,,,,
United Kingdom,-1,-1,-1.00,-1,-1,-1,-1,-1,,,,,,,,,,,,,,,,,,,,,,
United Kingdom,Belfast,597725,209.40,65700,47600,46100,23200,3100,,,,,,,,,,,,,,,,,,,,,,
United Kingdom,Aberdeen,209500,65.00,26900,29600,25200,8700,1000,,,,,,,,,,,,,,,,,,,,,,
United Kingdom,Dundee,157700,50.00,20700,21000,8200,1200,0,,,,,,,,,,,,,,,,,,,,,,
United Kingdom,Edinburgh,488600,123.00,58100,74500,75300,24800,300,,,,,,,,,,,,,,,,,,,,,,
United Kingdom,Glasgow,1101500,311.94,282100,202800,72700,10200,3100,,,,,,,,,,,,,,,,,,,,,,
United Kingdom,Cardiff,359000,77.40,47600,37700,36400,16300,1500,,,,,,,,,,,,,,,,,,,,,,
United Kingdom,Newport,148000,51.20,40000,21000,13600,3900,1100,,,,,,,,,,,,,,,,,,,,,,
United Kingdom,Swansea/Neath/Port Talbot,285000,98.20,52900,40300,30300,9900,1100,,,,,,,,,,,,,,,,,,,,,,
,,,,,,,,,,,,,,,,,,,,,,,,,,,,,,
,,,,,,,,,,,,,,,,,,,,,,,,,,,,,,
,,,,,,,,,,,,,,,,,,,,,,,,,,,,,,
,,,,,,,,,,,,,,,,,,,,,,,,,,,,,,
,,,,,,,,,,,,,,,,,,,,,,,,,,,,,,
